cve,location_id
CVE-2005-4881,1
CVE-2005-4886,1
CVE-2006-2271,1
CVE-2006-2272,1
CVE-2006-2274,1
CVE-2006-2275,1
CVE-2006-4192,2
CVE-2006-5755,1
CVE-2006-7203,1
CVE-2006-7244,3
CVE-2007-1592,1
CVE-2007-2480,1
CVE-2007-3642,1
CVE-2007-3731,1
CVE-2007-3850,1
CVE-2007-4398,4
CVE-2007-4567,1
CVE-2007-4571,1
CVE-2007-4849,5
CVE-2007-4997,6
CVE-2007-5501,1
CVE-2007-6151,1
CVE-2007-6206,1
CVE-2007-6716,1
CVE-2008-0001,1
CVE-2008-1294,1
CVE-2008-1367,1
CVE-2008-1514,1
CVE-2008-1673,1
CVE-2008-1769,7
CVE-2008-1948,8
CVE-2008-1949,8
CVE-2008-1950,8
CVE-2008-2147,9
CVE-2008-2372,1
CVE-2008-2729,1
CVE-2008-2750,1
CVE-2008-2826,1
CVE-2008-2931,1
CVE-2008-3272,1
CVE-2008-3274,10
CVE-2008-3275,1
CVE-2008-3525,1
CVE-2008-3527,1
CVE-2008-3686,1
CVE-2008-3792,1
CVE-2008-3911,1
CVE-2008-3915,1
CVE-2008-4395,11
CVE-2008-4654,9
CVE-2008-4686,9
CVE-2008-5028,12
CVE-2008-5032,9
CVE-2008-5033,1
CVE-2008-5036,9
CVE-2008-5189,13
CVE-2008-5276,9
CVE-2008-5297,14
CVE-2008-6560,15
CVE-2008-7050,16
CVE-2008-7256,1
CVE-2009-0065,1
CVE-2009-0217,17
CVE-2009-0386,18
CVE-2009-0387,18
CVE-2009-0397,18
CVE-2009-0402,19
CVE-2009-0586,20
CVE-2009-0675,1
CVE-2009-0676,1
CVE-2009-0745,1
CVE-2009-0746,1
CVE-2009-0747,1
CVE-2009-0748,1
CVE-2009-0778,1
CVE-2009-0787,1
CVE-2009-0834,1
CVE-2009-0859,1
CVE-2009-0946,21
CVE-2009-1072,1
CVE-2009-1185,22
CVE-2009-1186,22
CVE-2009-1192,1
CVE-2009-1194,23
CVE-2009-1242,1
CVE-2009-1243,1
CVE-2009-1265,1
CVE-2009-1298,1
CVE-2009-1336,1
CVE-2009-1337,1
CVE-2009-1338,1
CVE-2009-1360,1
CVE-2009-1385,1
CVE-2009-1389,1
CVE-2009-1439,1
CVE-2009-1527,1
CVE-2009-1570,24
CVE-2009-1633,1
CVE-2009-1895,1
CVE-2009-1897,1
CVE-2009-1914,1
CVE-2009-1932,18
CVE-2009-1961,1
CVE-2009-2139,25
CVE-2009-2140,25
CVE-2009-2287,1
CVE-2009-2406,1
CVE-2009-2407,1
CVE-2009-2484,9
CVE-2009-2624,26
CVE-2009-2691,1
CVE-2009-2692,1
CVE-2009-2695,1
CVE-2009-2698,1
CVE-2009-2700,27
CVE-2009-2767,1
CVE-2009-2768,1
CVE-2009-2844,1
CVE-2009-2846,1
CVE-2009-2847,1
CVE-2009-3001,1
CVE-2009-3002,1
CVE-2009-3043,1
CVE-2009-3080,1
CVE-2009-3111,28
CVE-2009-3228,1
CVE-2009-3238,1
CVE-2009-3280,1
CVE-2009-3287,29
CVE-2009-3290,1
CVE-2009-3547,1
CVE-2009-3605,30
CVE-2009-3612,1
CVE-2009-3613,1
CVE-2009-3620,1
CVE-2009-3623,1
CVE-2009-3624,1
CVE-2009-3626,31
CVE-2009-3627,32
CVE-2009-3638,1
CVE-2009-3640,1
CVE-2009-3722,1
CVE-2009-3726,1
CVE-2009-3736,33
CVE-2009-3888,1
CVE-2009-3889,1
CVE-2009-3909,24
CVE-2009-4004,1
CVE-2009-4005,1
CVE-2009-4013,34
CVE-2009-4014,34
CVE-2009-4015,34
CVE-2009-4021,1
CVE-2009-4026,1
CVE-2009-4027,1
CVE-2009-4031,6
CVE-2009-4138,1
CVE-2009-4141,1
CVE-2009-4144,35
CVE-2009-4145,35
CVE-2009-4214,13
CVE-2009-4261,36
CVE-2009-4272,1
CVE-2009-4307,1
CVE-2009-4308,1
CVE-2009-4895,1
CVE-2009-5063,3
CVE-2010-0001,26
CVE-2010-0003,1
CVE-2010-0006,1
CVE-2010-0007,1
CVE-2010-0008,1
CVE-2010-0011,37
CVE-2010-0285,38
CVE-2010-0291,1
CVE-2010-0292,39
CVE-2010-0293,39
CVE-2010-0294,39
CVE-2010-0297,40
CVE-2010-0307,1
CVE-2010-0410,1
CVE-2010-0414,38
CVE-2010-0415,1
CVE-2010-0422,38
CVE-2010-0424,41
CVE-2010-0437,1
CVE-2010-0442,42
CVE-2010-0547,43
CVE-2010-0622,1
CVE-2010-0623,1
CVE-2010-0732,38
CVE-2010-0733,42
CVE-2010-0741,45
CVE-2010-0750,46
CVE-2010-0787,43
CVE-2010-1084,1
CVE-2010-1086,1
CVE-2010-1087,1
CVE-2010-1088,1
CVE-2010-1149,47
CVE-2010-1152,48
CVE-2010-1155,49
CVE-2010-1162,1
CVE-2010-1172,50
CVE-2010-1205,3
CVE-2010-1488,1
CVE-2010-1630,51
CVE-2010-1635,43
CVE-2010-1636,1
CVE-2010-1639,52
CVE-2010-1640,52
CVE-2010-1641,1
CVE-2010-1642,43
CVE-2010-1643,1
CVE-2010-1797,21
CVE-2010-2060,53
CVE-2010-2066,1
CVE-2010-2226,1
CVE-2010-2240,1
CVE-2010-2248,1
CVE-2010-2249,3
CVE-2010-2478,1
CVE-2010-2492,1
CVE-2010-2495,1
CVE-2010-2497,21
CVE-2010-2498,21
CVE-2010-2499,21
CVE-2010-2500,21
CVE-2010-2519,21
CVE-2010-2520,21
CVE-2010-2521,1
CVE-2010-2524,1
CVE-2010-2527,54
CVE-2010-2537,1
CVE-2010-2538,1
CVE-2010-2640,55
CVE-2010-2641,55
CVE-2010-2642,55
CVE-2010-2643,55
CVE-2010-2653,1
CVE-2010-2713,56
CVE-2010-2761,57
CVE-2010-2798,1
CVE-2010-2803,1
CVE-2010-2805,21
CVE-2010-2806,21
CVE-2010-2807,21
CVE-2010-2808,21
CVE-2010-2809,59
CVE-2010-2937,60
CVE-2010-2943,1
CVE-2010-2946,1
CVE-2010-2947,62
CVE-2010-2959,1
CVE-2010-2962,1
CVE-2010-2963,1
CVE-2010-3015,1
CVE-2010-3066,1
CVE-2010-3067,1
CVE-2010-3070,63
CVE-2010-3078,1
CVE-2010-3079,1
CVE-2010-3080,1
CVE-2010-3081,1
CVE-2010-3084,1
CVE-2010-3086,1
CVE-2010-3124,60
CVE-2010-3260,64
CVE-2010-3301,1
CVE-2010-3316,65
CVE-2010-3357,66
CVE-2010-3374,67
CVE-2010-3430,65
CVE-2010-3431,65
CVE-2010-3432,1
CVE-2010-3434,52
CVE-2010-3435,65
CVE-2010-3437,1
CVE-2010-3448,1
CVE-2010-3696,28
CVE-2010-3697,28
CVE-2010-3698,1
CVE-2010-3702,30
CVE-2010-3703,30
CVE-2010-3704,30
CVE-2010-3814,21
CVE-2010-3848,1
CVE-2010-3849,1
CVE-2010-3850,1
CVE-2010-3852,68
CVE-2010-3855,21
CVE-2010-3858,1
CVE-2010-3859,1
CVE-2010-3861,1
CVE-2010-3873,1
CVE-2010-3874,1
CVE-2010-3875,1
CVE-2010-3876,1
CVE-2010-3877,1
CVE-2010-3880,1
CVE-2010-3881,1
CVE-2010-3904,1
CVE-2010-3907,9
CVE-2010-3978,69
CVE-2010-4015,42
CVE-2010-4072,1
CVE-2010-4073,1
CVE-2010-4074,1
CVE-2010-4075,1
CVE-2010-4076,1
CVE-2010-4077,1
CVE-2010-4078,1
CVE-2010-4079,1
CVE-2010-4080,1
CVE-2010-4081,1
CVE-2010-4082,1
CVE-2010-4083,1
CVE-2010-4157,1
CVE-2010-4158,1
CVE-2010-4159,70
CVE-2010-4160,1
CVE-2010-4162,1
CVE-2010-4163,1
CVE-2010-4164,1
CVE-2010-4165,1
CVE-2010-4169,1
CVE-2010-4242,71
CVE-2010-4243,1
CVE-2010-4248,1
CVE-2010-4251,1
CVE-2010-4254,70
CVE-2010-4256,1
CVE-2010-4258,1
CVE-2010-4263,1
CVE-2010-4335,72
CVE-2010-4342,1
CVE-2010-4343,1
CVE-2010-4344,73
CVE-2010-4346,1
CVE-2010-4347,1
CVE-2010-4352,74
CVE-2010-4410,31
CVE-2010-4526,1
CVE-2010-4527,1
CVE-2010-4529,1
CVE-2010-4649,1
CVE-2010-4651,75
CVE-2010-4655,1
CVE-2010-4656,1
CVE-2010-4668,1
CVE-2010-4706,65
CVE-2010-4707,65
CVE-2010-4802,76
CVE-2010-4805,1
CVE-2010-4831,44
CVE-2010-4833,44
CVE-2011-0021,9
CVE-2011-0064,77
CVE-2011-0434,19
CVE-2011-0435,19
CVE-2011-0436,19
CVE-2011-0437,19
CVE-2011-0441,78
CVE-2011-0463,1
CVE-2011-0465,79
CVE-2011-0521,1
CVE-2011-0522,60
CVE-2011-0530,80
CVE-2011-0531,9
CVE-2011-0541,81
CVE-2011-0542,81
CVE-2011-0543,81
CVE-2011-0702,82
CVE-2011-0709,1
CVE-2011-0710,1
CVE-2011-0711,1
CVE-2011-0726,1
CVE-2011-0766,83
CVE-2011-0904,84
CVE-2011-0905,84
CVE-2011-0989,70
CVE-2011-0990,70
CVE-2011-0991,70
CVE-2011-0992,70
CVE-2011-0999,1
CVE-2011-1002,85
CVE-2011-1003,52
CVE-2011-1006,86
CVE-2011-1007,87
CVE-2011-1008,87
CVE-2011-1010,1
CVE-2011-1012,1
CVE-2011-1013,1
CVE-2011-1016,1
CVE-2011-1027,88
CVE-2011-1031,82
CVE-2011-1044,1
CVE-2011-1076,1
CVE-2011-1082,1
CVE-2011-1090,1
CVE-2011-1093,1
CVE-2011-1163,1
CVE-2011-1170,1
CVE-2011-1171,1
CVE-2011-1172,1
CVE-2011-1173,1
CVE-2011-1178,89
CVE-2011-1202,90
CVE-2011-1425,91
CVE-2011-1428,92
CVE-2011-1478,1
CVE-2011-1487,31
CVE-2011-1572,93
CVE-2011-1573,1
CVE-2011-1574,94
CVE-2011-1575,95
CVE-2011-1581,1
CVE-2011-1589,76
CVE-2011-1593,1
CVE-2011-1598,1
CVE-2011-1684,9
CVE-2011-1709,96
CVE-2011-1745,1
CVE-2011-1746,1
CVE-2011-1747,1
CVE-2011-1748,1
CVE-2011-1753,97
CVE-2011-1756,98
CVE-2011-1758,99
CVE-2011-1764,73
CVE-2011-1771,1
CVE-2011-1776,1
CVE-2011-1924,100
CVE-2011-1925,101
CVE-2011-1931,102
CVE-2011-1937,103
CVE-2011-1943,104
CVE-2011-1944,105
CVE-2011-1951,106
CVE-2011-2022,1
CVE-2011-2161,107
CVE-2011-2184,1
CVE-2011-2189,1
CVE-2011-2200,74
CVE-2011-2206,108
CVE-2011-2213,1
CVE-2011-2492,1
CVE-2011-2497,1
CVE-2011-2501,3
CVE-2011-2525,1
CVE-2011-2534,1
CVE-2011-2587,9
CVE-2011-2588,9
CVE-2011-2685,109
CVE-2011-2689,1
CVE-2011-2691,3
CVE-2011-2692,3
CVE-2011-2695,1
CVE-2011-2700,1
CVE-2011-2711,88
CVE-2011-2721,52
CVE-2011-2723,1
CVE-2011-2724,110
CVE-2011-2895,111
CVE-2011-2896,89
CVE-2011-2928,1
CVE-2011-2929,112
CVE-2011-2930,112
CVE-2011-2931,112
CVE-2011-2932,112
CVE-2011-2938,113
CVE-2011-2939,58
CVE-2011-3045,3
CVE-2011-3186,112
CVE-2011-3200,114
CVE-2011-3208,115
CVE-2011-3211,116
CVE-2011-3345,117
CVE-2011-3356,113
CVE-2011-3357,113
CVE-2011-3358,113
CVE-2011-3362,102
CVE-2011-3371,118
CVE-2011-3372,115
CVE-2011-3481,115
CVE-2011-3578,113
CVE-2011-3598,119
CVE-2011-3627,52
CVE-2011-3635,120
CVE-2011-3973,102
CVE-2011-3974,102
CVE-2011-4074,121
CVE-2011-4075,121
CVE-2011-4128,8
CVE-2011-4132,1
CVE-2011-4197,122
CVE-2011-4312,123
CVE-2011-4329,124
CVE-2011-4341,125
CVE-2011-4344,126
CVE-2011-4349,127
CVE-2011-4596,128
CVE-2011-4715,129
CVE-2011-4802,124
CVE-2011-4814,124
CVE-2012-0030,128
CVE-2012-0056,1
CVE-2012-0807,130
CVE-2012-0834,121
CVE-2012-1207,131
CVE-2012-1208,131
CVE-2012-1209,131
CVE-2012-1226,124
CVE-2012-1410,132
CVE-2012-1836,133
